id,url,views,downloads,likes
d5HkawVDFWs,https://images.unsplash.com/photo-1678014608411-57e3a7bdeb0e?crop=entropy&cs=srgb&fm=jpg&ixid=Mnw0MzM3Mjd8MHwxfGFsbHwxfHx8fHx8Mnx8MTY4MjE5NTAzMg&ixlib=rb-4.0.3&q=85,186,1,0
qOJagwP9AH4,https://images.unsplash.com/photo-1677182487591-a6274c8dd327?crop=entropy&cs=srgb&fm=jpg&ixid=Mnw0MzM3Mjd8MHwxfGFsbHwyfHx8fHx8Mnx8MTY4MjE5NTAzMg&ixlib=rb-4.0.3&q=85,1396,2,0
ayNtUoUd_Mg,https://images.unsplash.com/photo-1677182480152-47893c0d6d32?crop=entropy&cs=srgb&fm=jpg&ixid=Mnw0MzM3Mjd8MHwxfGFsbHwzfHx8fHx8Mnx8MTY4MjE5NTAzMg&ixlib=rb-4.0.3&q=85,1661,32,0
QvW1NO_cgJc,https://images.unsplash.com/photo-1677182302961-7b9fa7faa6ca?crop=entropy&cs=srgb&fm=jpg&ixid=Mnw0MzM3Mjd8MHwxfGFsbHw0fHx8fHx8Mnx8MTY4MjE5NTAzMg&ixlib=rb-4.0.3&q=85,2849,61,0
TaIHXYbBBXM,https://images.unsplash.com/photo-1677182302564-ffc6bb3252cd?crop=entropy&cs=srgb&fm=jpg&ixid=Mnw0MzM3Mjd8MHwxfGFsbHw1fHx8fHx8Mnx8MTY4MjE5NTAzMg&ixlib=rb-4.0.3&q=85,2970,60,0
xTfmtxO9f_w,https://images.unsplash.com/photo-1677182162207-7cd011520525?crop=entropy&cs=srgb&fm=jpg&ixid=Mnw0MzM3Mjd8MHwxfGFsbHw2fHx8fHx8Mnx8MTY4MjE5NTAzMg&ixlib=rb-4.0.3&q=85,2923,54,0
w8NjrSOPjY8,https://images.unsplash.com/photo-1677182251458-bca7bde13361?crop=entropy&cs=srgb&fm=jpg&ixid=Mnw0MzM3Mjd8MHwxfGFsbHw3fHx8fHx8Mnx8MTY4MjE5NTAzMg&ixlib=rb-4.0.3&q=85,2873,24,0
85UinCrJc3Q,https://images.unsplash.com/photo-1662450620817-27cff638e72e?crop=entropy&cs=srgb&fm=jpg&ixid=Mnw0MzM3Mjd8MHwxfGFsbHw4fHx8fHx8Mnx8MTY4MjE5NTAzMg&ixlib=rb-4.0.3&q=85,1122,18,0
YieB0alU9p4,https://images.unsplash.com/photo-1659423159970-073d4231c03c?crop=entropy&cs=srgb&fm=jpg&ixid=Mnw0MzM3Mjd8MHwxfGFsbHw5fHx8fHx8Mnx8MTY4MjE5NTAzMg&ixlib=rb-4.0.3&q=85,9240,18,0
HNZb5jhftN0,https://images.unsplash.com/photo-1657650505255-65ec65adb8aa?crop=entropy&cs=srgb&fm=jpg&ixid=Mnw0MzM3Mjd8MHwxfGFsbHwxMHx8fHx8fDJ8fDE2ODIxOTUwMzI&ixlib=rb-4.0.3&q=85,10898,106,0
SsEAuxP6s6Y,https://images.unsplash.com/photo-1657650505323-b9397cedd97a?crop=entropy&cs=srgb&fm=jpg&ixid=Mnw0MzM3Mjd8MHwxfGFsbHwxMXx8fHx8fDJ8fDE2ODIxOTUwMzI&ixlib=rb-4.0.3&q=85,9246,177,0
eVa46zsrO-M,https://images.unsplash.com/photo-1654473725167-1ec3c499574e?crop=entropy&cs=srgb&fm=jpg&ixid=Mnw0MzM3Mjd8MHwxfGFsbHwxMnx8fHx8fDJ8fDE2ODIxOTUwMzI&ixlib=rb-4.0.3&q=85,2369,10,0
TmUsviNlCQ8,https://images.unsplash.com/photo-1654473747968-5211024504c8?crop=entropy&cs=srgb&fm=jpg&ixid=Mnw0MzM3Mjd8MHwxfGFsbHwxM3x8fHx8fDJ8fDE2ODIxOTUwMzI&ixlib=rb-4.0.3&q=85,2706,123,0
gkdcWOoMlIw,https://images.unsplash.com/photo-1654473724941-8f175cf7c9b3?crop=entropy&cs=srgb&fm=jpg&ixid=Mnw0MzM3Mjd8MHwxfGFsbHwxNHx8fHx8fDJ8fDE2ODIxOTUwMzI&ixlib=rb-4.0.3&q=85,2276,7,0
VfR-cbMKII0,https://images.unsplash.com/photo-1653683798569-1dd933e08f06?crop=entropy&cs=srgb&fm=jpg&ixid=Mnw0MzM3Mjd8MHwxfGFsbHwxNXx8fHx8fDJ8fDE2ODIxOTUwMzI&ixlib=rb-4.0.3&q=85,1916,147,0
W2H7ynuuolM,https://images.unsplash.com/photo-1642165176828-20cc22201420?crop=entropy&cs=srgb&fm=jpg&ixid=Mnw0MzM3Mjd8MHwxfGFsbHwxNnx8fHx8fDJ8fDE2ODIxOTUwMzI&ixlib=rb-4.0.3&q=85,2641,23,0
ci-GyHAr-5o,https://images.unsplash.com/photo-1627401251167-2f3898179e5a?crop=entropy&cs=srgb&fm=jpg&ixid=Mnw0MzM3Mjd8MHwxfGFsbHwxN3x8fHx8fDJ8fDE2ODIxOTUwMzI&ixlib=rb-4.0.3&q=85,13273,37,0
AMov3sIKggk,https://images.unsplash.com/photo-1622554560635-774fd8adbbbe?crop=entropy&cs=srgb&fm=jpg&ixid=Mnw0MzM3Mjd8MHwxfGFsbHwxOHx8fHx8fDJ8fDE2ODIxOTUwMzI&ixlib=rb-4.0.3&q=85,35473,86,0
NlVJ2YI2m38,https://images.unsplash.com/photo-1622181451729-32b593418259?crop=entropy&cs=srgb&fm=jpg&ixid=Mnw0MzM3Mjd8MHwxfGFsbHwxOXx8fHx8fDJ8fDE2ODIxOTUwMzI&ixlib=rb-4.0.3&q=85,2756,104,0
-8WnlaU8BTk,https://images.unsplash.com/photo-1622181342003-251603f02e2d?crop=entropy&cs=srgb&fm=jpg&ixid=Mnw0MzM3Mjd8MHwxfGFsbHwyMHx8fHx8fDJ8fDE2ODIxOTUwMzI&ixlib=rb-4.0.3&q=85,19608,51,0
xt_mecnVIcg,https://images.unsplash.com/photo-1621259874623-56e48c7ed3f1?crop=entropy&cs=srgb&fm=jpg&ixid=Mnw0MzM3Mjd8MHwxfGFsbHwyMXx8fHx8fDJ8fDE2ODIxOTUwMzI&ixlib=rb-4.0.3&q=85,509,3,0
